,entry_proc_U0,,status1.csv
,load_input_U0,,status2.csv
,compute_watermark_U0,,status3.csv
,store_result_U0,,status4.csv
,AESL_inst_apply_watermark,,module_status1.csv
load_input_U0,grp_load_input_Pipeline_image_traverse_fu_59,,module_status2.csv
compute_watermark_U0,tmp_data_1_saturatedAdd_fu_348,,module_status3.csv
compute_watermark_U0,tmp_data_2_saturatedAdd_fu_355,,module_status4.csv
compute_watermark_U0,tmp_16_i_saturatedAdd_fu_362,,module_status5.csv
compute_watermark_U0,tmp_17_i_saturatedAdd_fu_369,,module_status6.csv
compute_watermark_U0,tmp_18_i_saturatedAdd_fu_376,,module_status7.csv
compute_watermark_U0,tmp_19_i_saturatedAdd_fu_383,,module_status8.csv
compute_watermark_U0,tmp_20_i_saturatedAdd_fu_390,,module_status9.csv
compute_watermark_U0,tmp_21_i_saturatedAdd_fu_397,,module_status10.csv
compute_watermark_U0,tmp_22_i_saturatedAdd_fu_404,,module_status11.csv
compute_watermark_U0,tmp_23_i_saturatedAdd_fu_411,,module_status12.csv
compute_watermark_U0,tmp_24_i_saturatedAdd_fu_418,,module_status13.csv
compute_watermark_U0,tmp_25_i_saturatedAdd_fu_425,,module_status14.csv
compute_watermark_U0,tmp_26_i_saturatedAdd_fu_432,,module_status15.csv
compute_watermark_U0,tmp_27_i_saturatedAdd_fu_439,,module_status16.csv
compute_watermark_U0,tmp_28_i_saturatedAdd_fu_446,,module_status17.csv
compute_watermark_U0,tmp_29_i_saturatedAdd_fu_453,,module_status18.csv
store_result_U0,grp_store_result_Pipeline_mem_wr_fu_66,,module_status19.csv
